observation_date,Home_Price_Index,Mortgage_Rate,CPI,Unemployment_Rate,Median_Income,Housing_Starts,Real_GDP,Year,Month,Day
1987-01-01,63.963,9.29,111.4,6.6,63060,1774,8986.367,1987,1,1
1987-02-01,64.423,9.08,111.8,6.6,63060,1784,8986.367,1987,2,1
1987-03-01,64.734,9.07,112.2,6.6,63060,1726,8986.367,1987,3,1
1987-04-01,65.13,9.03,112.7,6.3,63060,1614,9083.256,1987,4,1
1987-05-01,65.564,10.47,113.0,6.3,63060,1628,9083.256,1987,5,1
1987-06-01,66.071,10.7,113.5,6.2,63060,1594,9083.256,1987,6,1
1987-07-01,66.508,10.35,113.8,6.1,63060,1575,9162.024,1987,7,1
1987-08-01,66.938,10.27,114.3,6.0,63060,1605,9162.024,1987,8,1
1987-09-01,67.331,10.33,114.7,5.9,63060,1695,9162.024,1987,9,1
1987-10-01,67.738,11.02,115.0,6.0,63060,1515,9319.332,1987,10,1
1987-11-01,68.104,10.97,115.4,5.8,63060,1656,9319.332,1987,11,1
1987-12-01,68.50399999999999,10.55,115.6,5.7,63060,1400,9319.332,1987,12,1
1988-01-01,68.857,10.61,116.0,5.7,63530,1271,9367.502,1988,1,1
1988-02-01,69.26100000000001,10.16,116.2,5.7,63530,1473,9367.502,1988,2,1
1988-03-01,69.63600000000001,9.87,116.5,5.7,63530,1532,9367.502,1988,3,1
1988-04-01,69.97399999999999,10.05,117.2,5.4,63530,1573,9490.594,1988,4,1
1988-05-01,70.425,10.28,117.5,5.6,63530,1421,9490.594,1988,5,1
1988-06-01,70.888,10.58,118.0,5.4,63530,1478,9490.594,1988,6,1
1988-07-01,71.35300000000001,10.39,118.5,5.4,63530,1467,9546.206,1988,7,1
1988-08-01,71.79899999999999,10.49,119.0,5.6,63530,1493,9546.206,1988,8,1
1988-09-01,72.24,10.67,119.5,5.4,63530,1492,9546.206,1988,9,1
1988-10-01,72.635,10.42,119.9,5.4,63530,1522,9673.405,1988,10,1
1988-11-01,73.071,10.22,120.3,5.3,63530,1569,9673.405,1988,11,1
1988-12-01,73.464,10.39,120.7,5.3,63530,1563,9673.405,1988,12,1
1989-01-01,73.946,10.77,121.2,5.4,64610,1621,9771.725,1989,1,1
1989-02-01,74.382,10.6,121.6,5.2,64610,1425,9771.725,1989,2,1
1989-03-01,74.778,10.78,122.2,5.0,64610,1422,9771.725,1989,3,1
1989-04-01,75.084,11.19,123.1,5.2,64610,1339,9846.293,1989,4,1
1989-05-01,75.305,11.03,123.7,5.2,64610,1331,9846.293,1989,5,1
1989-06-01,75.47800000000001,10.5,124.1,5.3,64610,1397,9846.293,1989,6,1
1989-07-01,75.655,10.07,124.5,5.2,64610,1427,9919.228,1989,7,1
1989-08-01,75.833,9.81,124.5,5.2,64610,1332,9919.228,1989,8,1
1989-09-01,76.055,10.22,124.8,5.3,64610,1279,9919.228,1989,9,1
1989-10-01,76.282,10.16,125.4,5.3,64610,1410,9938.767,1989,10,1
1989-11-01,76.521,9.82,125.9,5.4,64610,1351,9938.767,1989,11,1
1989-12-01,76.705,9.74,126.3,5.4,64610,1251,9938.767,1989,12,1
1990-01-01,76.89699999999999,9.78,127.5,5.4,63830,1551,10047.386,1990,1,1
1990-02-01,77.053,10.05,128.0,5.3,63830,1437,10047.386,1990,2,1
1990-03-01,77.20100000000001,10.31,128.6,5.2,63830,1289,10047.386,1990,3,1
1990-04-01,77.278,10.22,128.9,5.4,63830,1248,10083.855,1990,4,1
1990-05-01,77.298,10.56,129.1,5.4,63830,1212,10083.855,1990,5,1
1990-06-01,77.259,10.29,129.9,5.2,63830,1177,10083.855,1990,6,1
1990-07-01,77.138,10.15,130.5,5.5,63830,1171,10090.569,1990,7,1
1990-08-01,77.009,9.98,131.6,5.7,63830,1115,10090.569,1990,8,1
1990-09-01,76.84899999999999,10.24,132.5,5.9,63830,1110,10090.569,1990,9,1
1990-10-01,76.699,10.22,133.4,5.9,63830,1014,9998.704,1990,10,1
1990-11-01,76.37100000000001,10.17,133.7,6.2,63830,1145,9998.704,1990,11,1
1990-12-01,76.184,9.9,134.2,6.3,63830,969,9998.704,1990,12,1
1991-01-01,75.915,9.68,134.7,6.4,61960,798,9951.916,1991,1,1
1991-02-01,75.735,9.56,134.8,6.6,61960,965,9951.916,1991,2,1
1991-03-01,75.57,9.4,134.8,6.8,61960,921,9951.916,1991,3,1
1991-04-01,75.566,9.52,135.1,6.7,61960,1001,10029.51,1991,4,1
1991-05-01,75.765,9.53,135.6,6.9,61960,996,10029.51,1991,5,1
1991-06-01,75.993,9.45,136.0,6.9,61960,1036,10029.51,1991,6,1
1991-07-01,76.083,9.67,136.2,6.8,61960,1063,10080.195,1991,7,1
1991-08-01,76.11,9.5,136.6,6.9,61960,1049,10080.195,1991,8,1
1991-09-01,76.193,9.15,137.0,6.9,61960,1015,10080.195,1991,9,1
1991-10-01,76.07600000000001,8.92,137.2,7.0,61960,1079,10115.329,1991,10,1
1991-11-01,76.016,8.78,137.8,7.0,61960,1103,10115.329,1991,11,1
1991-12-01,76.057,8.7,138.2,7.3,61960,1079,10115.329,1991,12,1
1992-01-01,76.08800000000001,8.35,138.3,7.3,61450,1176,10236.435,1992,1,1
1992-02-01,76.158,8.68,138.6,7.4,61450,1250,10236.435,1992,2,1
1992-03-01,76.278,8.83,139.1,7.4,61450,1297,10236.435,1992,3,1
1992-04-01,76.347,8.98,139.4,7.4,61450,1099,10347.429,1992,4,1
1992-05-01,76.4,8.84,139.7,7.6,61450,1214,10347.429,1992,5,1
1992-06-01,76.333,8.6,140.1,7.8,61450,1145,10347.429,1992,6,1
1992-07-01,76.265,8.43,140.5,7.7,61450,1139,10449.673,1992,7,1
1992-08-01,76.232,8.05,140.8,7.6,61450,1226,10449.673,1992,8,1
1992-09-01,76.24,8.01,141.1,7.6,61450,1186,10449.673,1992,9,1
1992-10-01,76.377,8.02,141.7,7.3,61450,1244,10558.648,1992,10,1
1992-11-01,76.561,8.21,142.1,7.4,61450,1214,10558.648,1992,11,1
1992-12-01,76.676,8.29,142.3,7.4,61450,1227,10558.648,1992,12,1
1993-01-01,76.786,8.14,142.8,7.3,61150,1210,10576.275,1993,1,1
1993-02-01,76.839,7.86,143.1,7.1,61150,1210,10576.275,1993,2,1
1993-03-01,76.869,7.53,143.3,7.0,61150,1083,10576.275,1993,3,1
1993-04-01,76.938,7.5,143.8,7.1,61150,1258,10637.847,1993,4,1
1993-05-01,77.038,7.43,144.2,7.1,61150,1260,10637.847,1993,5,1
1993-06-01,77.244,7.5,144.3,7.0,61150,1280,10637.847,1993,6,1
1993-07-01,77.432,7.34,144.5,6.9,61150,1254,10688.606,1993,7,1
1993-08-01,77.61399999999999,7.25,144.8,6.8,61150,1300,10688.606,1993,8,1
1993-09-01,77.796,6.97,145.0,6.7,61150,1343,10688.606,1993,9,1
1993-10-01,77.943,6.89,145.6,6.8,61150,1392,10833.987,1993,10,1
1993-11-01,78.15,6.86,146.0,6.6,61150,1376,10833.987,1993,11,1
1993-12-01,78.327,7.31,146.3,6.5,61150,1533,10833.987,1993,12,1
1994-01-01,78.593,7.13,146.3,6.6,61800,1272,10939.116,1994,1,1
1994-02-01,78.72800000000001,6.97,146.7,6.6,61800,1337,10939.116,1994,2,1
1994-03-01,78.857,7.32,147.1,6.5,61800,1564,10939.116,1994,3,1
1994-04-01,78.988,8.04,147.2,6.4,61800,1465,11087.361,1994,4,1
1994-05-01,79.222,8.32,147.5,6.1,61800,1526,11087.361,1994,5,1
1994-06-01,79.423,8.53,147.9,6.1,61800,1409,11087.361,1994,6,1
1994-07-01,79.595,8.57,148.4,6.1,61800,1439,11152.176,1994,7,1
1994-08-01,79.782,8.57,149.0,6.0,61800,1450,11152.176,1994,8,1
1994-09-01,79.92,8.56,149.3,5.9,61800,1474,11152.176,1994,9,1
1994-10-01,80.067,8.82,149.4,5.8,61800,1450,11279.932,1994,10,1
1994-11-01,80.152,9.03,149.8,5.6,61800,1511,11279.932,1994,11,1
1994-12-01,80.298,9.25,150.1,5.5,61800,1455,11279.932,1994,12,1
1995-01-01,80.428,9.18,150.5,5.6,63770,1407,11319.951,1995,1,1
1995-02-01,80.529,9.13,150.9,5.4,63770,1316,11319.951,1995,2,1
1995-03-01,80.59899999999999,8.73,151.2,5.4,63770,1249,11319.951,1995,3,1
1995-04-01,80.66199999999999,8.38,151.8,5.8,63770,1267,11353.721,1995,4,1
1995-05-01,80.705,8.26,152.1,5.6,63770,1314,11353.721,1995,5,1
1995-06-01,80.786,7.85,152.4,5.6,63770,1281,11353.721,1995,6,1
1995-07-01,80.938,7.53,152.6,5.7,63770,1461,11450.31,1995,7,1
1995-08-01,81.111,7.79,152.9,5.7,63770,1416,11450.31,1995,8,1
1995-09-01,81.308,7.76,153.1,5.6,63770,1369,11450.31,1995,9,1
1995-10-01,81.483,7.62,153.5,5.5,63770,1369,11528.067,1995,10,1
1995-11-01,81.62,7.45,153.7,5.6,63770,1452,11528.067,1995,11,1
1995-12-01,81.737,7.33,153.9,5.6,63770,1431,11528.067,1995,12,1
1996-01-01,81.835,7.11,154.7,5.6,64710,1467,11614.418,1996,1,1
1996-02-01,81.955,7.0,155.0,5.5,64710,1491,11614.418,1996,2,1
1996-03-01,82.196,7.41,155.5,5.5,64710,1424,11614.418,1996,3,1
1996-04-01,82.42200000000001,7.69,156.1,5.6,64710,1516,11808.14,1996,4,1
1996-05-01,82.611,7.92,156.4,5.6,64710,1504,11808.14,1996,5,1
1996-06-01,82.75299999999999,8.03,156.7,5.3,64710,1467,11808.14,1996,6,1
1996-07-01,82.93,8.29,157.0,5.5,64710,1472,11914.063,1996,7,1
1996-08-01,83.087,8.19,157.2,5.1,64710,1557,11914.063,1996,8,1
1996-09-01,83.257,8.09,157.7,5.2,64710,1475,11914.063,1996,9,1
1996-10-01,83.37799999999999,8.16,158.2,5.2,64710,1392,12037.775,1996,10,1
1996-11-01,83.553,7.78,158.7,5.4,64710,1489,12037.775,1996,11,1
1996-12-01,83.72200000000001,7.52,159.1,5.4,64710,1370,12037.775,1996,12,1
1997-01-01,83.956,7.64,159.4,5.3,66050,1355,12115.472,1997,1,1
1997-02-01,84.182,7.88,159.7,5.2,66050,1486,12115.472,1997,2,1
1997-03-01,84.454,7.65,159.8,5.2,66050,1457,12115.472,1997,3,1
1997-04-01,84.624,7.97,159.9,5.1,66050,1492,12317.221,1997,4,1
1997-05-01,84.863,8.08,159.9,4.9,66050,1442,12317.221,1997,5,1
1997-06-01,85.08200000000001,7.94,160.2,5.0,66050,1494,12317.221,1997,6,1
1997-07-01,85.33200000000001,7.58,160.4,4.9,66050,1437,12471.01,1997,7,1
1997-08-01,85.575,7.36,160.8,4.8,66050,1390,12471.01,1997,8,1
1997-09-01,85.852,7.58,161.2,4.9,66050,1546,12471.01,1997,9,1
1997-10-01,86.148,7.28,161.5,4.7,66050,1520,12577.495,1997,10,1
1997-11-01,86.634,7.21,161.7,4.6,66050,1510,12577.495,1997,11,1
1997-12-01,87.094,7.17,161.8,4.7,66050,1566,12577.495,1997,12,1
1998-01-01,87.617,6.99,162.0,4.6,68470,1525,12703.742,1998,1,1
1998-02-01,88.005,7.12,162.0,4.6,68470,1584,12703.742,1998,2,1
1998-03-01,88.443,7.09,162.0,4.7,68470,1567,12703.742,1998,3,1
1998-04-01,88.88,7.08,162.2,4.3,68470,1540,12821.339,1998,4,1
1998-05-01,89.365,7.22,162.6,4.4,68470,1536,12821.339,1998,5,1
1998-06-01,89.846,7.07,162.8,4.5,68470,1641,12821.339,1998,6,1
1998-07-01,90.312,6.96,163.2,4.5,68470,1698,12982.752,1998,7,1
1998-08-01,90.787,6.97,163.4,4.5,68470,1614,12982.752,1998,8,1
1998-09-01,91.26,6.92,163.5,4.6,68470,1582,12982.752,1998,9,1
1998-10-01,91.718,6.64,163.9,4.5,68470,1715,13191.67,1998,10,1
1998-11-01,92.201,6.83,164.1,4.4,68470,1660,13191.67,1998,11,1
1998-12-01,92.713,6.78,164.4,4.4,68470,1792,13191.67,1998,12,1
1999-01-01,93.209,6.83,164.7,4.3,70210,1748,13315.597,1999,1,1
1999-02-01,93.673,6.74,164.7,4.4,70210,1670,13315.597,1999,2,1
1999-03-01,94.219,6.89,164.8,4.2,70210,1710,13315.597,1999,3,1
1999-04-01,94.786,6.98,165.9,4.3,70210,1553,13426.748,1999,4,1
1999-05-01,95.346,6.93,166.0,4.2,70210,1611,13426.748,1999,5,1
1999-06-01,95.976,7.23,166.0,4.3,70210,1559,13426.748,1999,6,1
1999-07-01,96.593,7.63,166.7,4.3,70210,1669,13604.771,1999,7,1
1999-08-01,97.221,7.7,167.1,4.2,70210,1648,13604.771,1999,8,1
1999-09-01,97.864,7.8,167.8,4.2,70210,1635,13604.771,1999,9,1
1999-10-01,98.524,7.7,168.1,4.1,70210,1608,13827.98,1999,10,1
1999-11-01,99.155,7.96,168.4,4.1,70210,1648,13827.98,1999,11,1
1999-12-01,99.845,7.75,168.8,4.0,70210,1708,13827.98,1999,12,1
2000-01-01,100.552,8.06,169.3,4.0,70020,1636,13878.147,2000,1,1
2000-02-01,101.339,8.25,170.0,4.1,70020,1737,13878.147,2000,2,1
2000-03-01,102.127,8.31,171.0,4.0,70020,1604,13878.147,2000,3,1
2000-04-01,102.923,8.23,170.9,3.8,70020,1626,14130.908,2000,4,1
2000-05-01,103.678,8.13,171.2,4.0,70020,1575,14130.908,2000,5,1
2000-06-01,104.425,8.62,172.2,4.0,70020,1559,14130.908,2000,6,1
2000-07-01,105.054,8.22,172.7,4.0,70020,1463,14145.312,2000,7,1
2000-08-01,105.768,8.13,172.7,4.1,70020,1541,14145.312,2000,8,1
2000-09-01,106.538,7.96,173.6,3.9,70020,1507,14145.312,2000,9,1
2000-10-01,107.383,7.88,173.9,3.9,70020,1549,14229.765,2000,10,1
2000-11-01,108.303,7.68,174.2,3.9,70020,1551,14229.765,2000,11,1
2000-12-01,109.141,7.65,174.6,3.9,70020,1532,14229.765,2000,12,1
2001-01-01,109.847,7.13,175.6,4.2,68870,1600,14183.12,2001,1,1
2001-02-01,110.502,7.15,176.0,4.2,68870,1625,14183.12,2001,2,1
2001-03-01,111.109,7.12,176.1,4.3,68870,1590,14183.12,2001,3,1
2001-04-01,111.652,6.91,176.4,4.4,68870,1649,14271.694,2001,4,1
2001-05-01,112.164,7.12,177.3,4.3,68870,1605,14271.694,2001,5,1
2001-06-01,112.797,7.24,177.7,4.5,68870,1636,14271.694,2001,6,1
2001-07-01,113.491,7.11,177.4,4.6,68870,1670,14214.516,2001,7,1
2001-08-01,114.169,7.03,177.4,4.9,68870,1567,14214.516,2001,8,1
2001-09-01,114.812,6.92,178.1,5.0,68870,1562,14214.516,2001,9,1
2001-10-01,115.309,6.72,177.6,5.3,68870,1540,14253.574,2001,10,1
2001-11-01,115.856,6.64,177.5,5.5,68870,1602,14253.574,2001,11,1
2001-12-01,116.454,7.02,177.4,5.7,68870,1568,14253.574,2001,12,1
2002-01-01,117.144,7.16,177.7,5.7,68310,1698,14372.785,2002,1,1
2002-02-01,117.844,7.02,178.0,5.7,68310,1829,14372.785,2002,2,1
2002-03-01,118.687,6.8,178.5,5.7,68310,1642,14372.785,2002,3,1
2002-04-01,119.611,7.18,179.3,5.9,68310,1592,14460.848,2002,4,1
2002-05-01,120.724,6.88,179.5,5.8,68310,1764,14460.848,2002,5,1
2002-06-01,121.813,6.76,179.6,5.8,68310,1717,14460.848,2002,6,1
2002-07-01,122.889,6.55,180.0,5.8,68310,1655,14519.633,2002,7,1
2002-08-01,123.831,6.34,180.5,5.7,68310,1633,14519.633,2002,8,1
2002-09-01,124.781,6.22,180.8,5.7,68310,1804,14519.633,2002,9,1
2002-10-01,125.736,5.99,181.2,5.7,68310,1648,14537.58,2002,10,1
2002-11-01,126.67,6.13,181.5,5.9,68310,1753,14537.58,2002,11,1
2002-12-01,127.623,6.13,181.8,6.0,68310,1788,14537.58,2002,12,1
2003-01-01,128.461,5.93,182.6,5.8,68350,1853,14614.141,2003,1,1
2003-02-01,129.356,5.9,183.6,5.9,68350,1629,14614.141,2003,2,1
2003-03-01,130.148,5.79,183.9,5.9,68350,1726,14614.141,2003,3,1
2003-04-01,130.884,5.91,183.2,6.0,68350,1643,14743.567,2003,4,1
2003-05-01,131.735,5.79,182.9,6.1,68350,1751,14743.567,2003,5,1
2003-06-01,132.649,5.31,183.1,6.3,68350,1867,14743.567,2003,6,1
2003-07-01,133.77700000000002,5.24,183.7,6.2,68350,1897,14988.782,2003,7,1
2003-08-01,134.968,6.14,184.5,6.1,68350,1833,14988.782,2003,8,1
2003-09-01,136.29399999999998,6.32,185.1,6.1,68350,1939,14988.782,2003,9,1
2003-10-01,137.532,5.98,184.9,6.0,68350,1967,15162.76,2003,10,1
2003-11-01,138.79399999999998,5.94,185.0,5.8,68350,2083,15162.76,2003,11,1
2003-12-01,140.18,5.89,185.5,5.7,68350,2057,15162.76,2003,12,1
2004-01-01,141.64600000000002,5.85,186.3,5.7,68250,1911,15248.68,2004,1,1
2004-02-01,143.191,5.68,186.7,5.6,68250,1846,15248.68,2004,2,1
2004-03-01,145.058,5.58,187.1,5.8,68250,1998,15248.68,2004,3,1
2004-04-01,146.593,5.52,187.4,5.6,68250,2003,15366.85,2004,4,1
2004-05-01,148.186,6.01,188.2,5.6,68250,1981,15366.85,2004,5,1
2004-06-01,149.852,6.32,188.9,5.6,68250,1828,15366.85,2004,6,1
2004-07-01,151.338,6.21,189.1,5.5,68250,2002,15512.619,2004,7,1
2004-08-01,152.635,6.08,189.2,5.4,68250,2024,15512.619,2004,8,1
2004-09-01,154.179,5.82,189.8,5.4,68250,1905,15512.619,2004,9,1
2004-10-01,155.752,5.72,190.8,5.5,68250,2072,15670.88,2004,10,1
2004-11-01,157.529,5.64,191.7,5.4,68250,1782,15670.88,2004,11,1
2004-12-01,159.33100000000002,5.72,191.7,5.4,68250,2042,15670.88,2004,12,1
2005-01-01,161.289,5.81,191.6,5.3,69310,2144,15844.727,2005,1,1
2005-02-01,163.346,5.66,192.4,5.4,69310,2207,15844.727,2005,2,1
2005-03-01,165.81400000000002,5.69,193.1,5.2,69310,1864,15844.727,2005,3,1
2005-04-01,167.503,6.04,193.7,5.2,69310,2061,15922.782,2005,4,1
2005-05-01,169.352,5.78,193.6,5.1,69310,2025,15922.782,2005,5,1
2005-06-01,171.192,5.65,193.7,5.0,69310,2068,15922.782,2005,6,1
2005-07-01,172.861,5.53,194.9,5.0,69310,2054,16047.587,2005,7,1
2005-08-01,174.44299999999998,5.77,196.1,4.9,69310,2095,16047.587,2005,8,1
2005-09-01,176.43900000000002,5.71,198.8,5.0,69310,2151,16047.587,2005,9,1
2005-10-01,178.028,5.91,199.1,5.0,69310,2065,16136.734,2005,10,1
2005-11-01,179.68200000000002,6.15,198.1,5.0,69310,2147,16136.734,2005,11,1
2005-12-01,180.911,6.26,198.1,4.9,69310,1994,16136.734,2005,12,1
2006-01-01,182.321,6.22,199.3,4.7,70080,2273,16353.835,2006,1,1
2006-02-01,183.288,6.12,199.4,4.8,70080,2119,16353.835,2006,2,1
2006-03-01,184.365,6.26,199.7,4.7,70080,1969,16353.835,2006,3,1
2006-04-01,184.329,6.35,200.7,4.7,70080,1821,16396.151,2006,4,1
2006-05-01,184.155,6.58,201.3,4.6,70080,1942,16396.151,2006,5,1
2006-06-01,183.507,6.67,201.8,4.6,70080,1802,16396.151,2006,6,1
2006-07-01,183.066,6.78,202.9,4.7,70080,1737,16420.738,2006,7,1
2006-08-01,182.593,6.72,203.8,4.7,70080,1650,16420.738,2006,8,1
2006-09-01,182.797,6.44,202.8,4.5,70080,1720,16420.738,2006,9,1
2006-10-01,183.197,6.31,201.9,4.4,70080,1491,16561.866,2006,10,1
2006-11-01,183.607,6.4,202.0,4.5,70080,1570,16561.866,2006,11,1
2006-12-01,184.139,6.14,203.1,4.4,70080,1649,16561.866,2006,12,1
2007-01-01,184.517,6.18,203.437,4.6,71210,1409,16611.69,2007,1,1
2007-02-01,184.599,6.34,204.226,4.5,71210,1480,16611.69,2007,2,1
2007-03-01,184.15,6.18,205.288,4.4,71210,1495,16611.69,2007,3,1
2007-04-01,183.01,6.16,205.904,4.5,71210,1490,16713.314,2007,4,1
2007-05-01,181.601,6.16,206.755,4.4,71210,1415,16713.314,2007,5,1
2007-06-01,180.253,6.42,207.234,4.6,71210,1448,16713.314,2007,6,1
2007-07-01,179.11,6.67,207.603,4.7,71210,1354,16809.587,2007,7,1
2007-08-01,178.116,6.69,207.667,4.6,71210,1330,16809.587,2007,8,1
2007-09-01,177.55700000000002,6.45,208.547,4.7,71210,1183,16809.587,2007,9,1
2007-10-01,176.623,6.42,209.19,4.7,71210,1264,16915.191,2007,10,1
2007-11-01,175.146,6.26,210.834,4.7,71210,1197,16915.191,2007,11,1
2007-12-01,174.34099999999998,6.1,211.445,5.0,71210,1037,16915.191,2007,12,1
2008-01-01,173.132,6.17,212.174,5.0,68780,1084,16843.003,2008,1,1
2008-02-01,171.54,5.68,212.687,4.9,68780,1103,16843.003,2008,2,1
2008-03-01,170.05200000000002,6.24,213.448,5.1,68780,1005,16843.003,2008,3,1
2008-04-01,168.33599999999998,5.85,213.942,5.0,68780,1013,16943.291,2008,4,1
2008-05-01,166.657,6.06,215.208,5.4,68780,973,16943.291,2008,5,1
2008-06-01,165.016,6.08,217.463,5.6,68780,1046,16943.291,2008,6,1
2008-07-01,163.565,6.45,219.016,5.8,68780,923,16854.295,2008,7,1
2008-08-01,161.987,6.52,218.69,6.1,68780,844,16854.295,2008,8,1
2008-09-01,160.30700000000002,6.4,218.877,6.1,68780,820,16854.295,2008,9,1
2008-10-01,158.326,6.09,216.995,6.5,68780,777,16485.35,2008,10,1
2008-11-01,156.141,6.46,213.153,6.8,68780,652,16485.35,2008,11,1
2008-12-01,153.618,5.97,211.398,7.3,68780,560,16485.35,2008,12,1
2009-01-01,151.506,5.1,211.933,7.8,68340,490,16298.262,2009,1,1
2009-02-01,150.014,5.1,212.705,8.3,68340,582,16298.262,2009,2,1
2009-03-01,148.66,5.07,212.495,8.7,68340,505,16298.262,2009,3,1
2009-04-01,147.94899999999998,4.85,212.709,9.0,68340,478,16269.145,2009,4,1
2009-05-01,147.69299999999998,4.78,213.022,9.4,68340,540,16269.145,2009,5,1
2009-06-01,148.088,4.91,214.79,9.5,68340,585,16269.145,2009,6,1
2009-07-01,148.408,5.42,214.726,9.5,68340,594,16326.281,2009,7,1
2009-08-01,148.276,5.25,215.445,9.6,68340,586,16326.281,2009,8,1
2009-09-01,148.025,5.14,215.861,9.8,68340,585,16326.281,2009,9,1
2009-10-01,147.85,4.94,216.509,10.0,68340,534,16502.754,2009,10,1
2009-11-01,148.136,5.03,217.234,9.9,68340,588,16502.754,2009,11,1
2009-12-01,147.931,4.78,217.347,9.9,68340,581,16502.754,2009,12,1
2010-01-01,147.39700000000002,5.14,217.488,9.8,66730,614,16582.71,2010,1,1
2010-02-01,145.632,4.98,217.281,9.8,66730,604,16582.71,2010,2,1
2010-03-01,145.858,5.05,217.353,9.9,66730,636,16582.71,2010,3,1
2010-04-01,146.401,5.08,217.403,9.9,66730,687,16743.162,2010,4,1
2010-05-01,146.391,5.06,217.29,9.6,66730,583,16743.162,2010,5,1
2010-06-01,145.718,4.78,217.199,9.4,66730,536,16743.162,2010,6,1
2010-07-01,144.986,4.58,217.605,9.4,66730,546,16872.266,2010,7,1
2010-08-01,143.911,4.54,217.923,9.5,66730,599,16872.266,2010,8,1
2010-09-01,143.015,4.36,218.275,9.5,66730,594,16872.266,2010,9,1
2010-10-01,142.526,4.32,219.035,9.4,66730,543,16960.864,2010,10,1
2010-11-01,142.166,4.23,219.59,9.8,66730,545,16960.864,2010,11,1
2010-12-01,142.053,4.4,220.472,9.3,66730,539,16960.864,2010,12,1
2011-01-01,141.515,4.86,221.187,9.1,65750,630,16920.632,2011,1,1
2011-02-01,140.342,4.8,221.898,9.0,65750,517,16920.632,2011,2,1
2011-03-01,139.974,4.95,223.046,9.0,65750,600,16920.632,2011,3,1
2011-04-01,140.006,4.86,224.093,9.1,65750,554,17035.114,2011,4,1
2011-05-01,139.903,4.78,224.806,9.0,65750,561,17035.114,2011,5,1
2011-06-01,139.859,4.6,224.806,9.1,65750,608,17035.114,2011,6,1
2011-07-01,139.72799999999998,4.51,225.395,9.0,65750,623,17031.313,2011,7,1
2011-08-01,139.306,4.55,226.106,9.0,65750,585,17031.313,2011,8,1
2011-09-01,138.664,4.22,226.597,9.0,65750,650,17031.313,2011,9,1
2011-10-01,137.947,4.01,226.75,8.8,65750,610,17222.583,2011,10,1
2011-11-01,137.14600000000002,4.1,227.169,8.6,65750,711,17222.583,2011,11,1
2011-12-01,136.668,4.0,227.223,8.5,65750,694,17222.583,2011,12,1
2012-01-01,136.602,3.95,227.842,8.3,65740,723,17367.01,2012,1,1
2012-02-01,136.526,3.98,228.329,8.3,65740,704,17367.01,2012,2,1
2012-03-01,137.89700000000002,3.9,228.807,8.2,65740,695,17367.01,2012,3,1
2012-04-01,139.148,3.99,229.187,8.2,65740,753,17444.525,2012,4,1
2012-05-01,140.149,3.88,228.713,8.2,65740,708,17444.525,2012,5,1
2012-06-01,141.02700000000002,3.75,228.524,8.2,65740,757,17444.525,2012,6,1
2012-07-01,141.668,3.66,228.59,8.2,65740,740,17469.65,2012,7,1
2012-08-01,142.278,3.49,229.918,8.1,65740,754,17469.65,2012,8,1
2012-09-01,142.905,3.59,231.015,7.8,65740,847,17469.65,2012,9,1
2012-10-01,143.595,3.4,231.638,7.8,65740,915,17489.852,2012,10,1
2012-11-01,144.578,3.39,231.249,7.7,65740,833,17489.852,2012,11,1
2012-12-01,145.494,3.32,231.221,7.9,65740,976,17489.852,2012,12,1
2013-01-01,146.82,3.35,231.679,8.0,68220,888,17662.4,2013,1,1
2013-02-01,147.77700000000002,3.53,232.937,7.7,68220,962,17662.4,2013,2,1
2013-03-01,149.957,3.51,232.282,7.5,68220,1010,17662.4,2013,3,1
2013-04-01,151.514,3.57,231.797,7.6,68220,835,17709.671,2013,4,1
2013-05-01,152.846,3.4,231.893,7.5,68220,930,17709.671,2013,5,1
2013-06-01,154.196,3.81,232.445,7.5,68220,839,17709.671,2013,6,1
2013-07-01,155.601,4.46,232.9,7.3,68220,880,17860.45,2013,7,1
2013-08-01,156.957,4.39,233.456,7.2,68220,917,17860.45,2013,8,1
2013-09-01,158.22,4.51,233.544,7.2,68220,850,17860.45,2013,9,1
2013-10-01,159.238,4.32,233.669,7.2,68220,925,18016.147,2013,10,1
2013-11-01,160.07399999999998,4.1,234.1,6.9,68220,1100,18016.147,2013,11,1
2013-12-01,160.993,4.29,234.719,6.7,68220,1002,18016.147,2013,12,1
2014-01-01,161.924,4.48,235.288,6.6,67360,888,17953.974,2014,1,1
2014-02-01,162.52100000000002,4.32,235.547,6.7,67360,944,17953.974,2014,2,1
2014-03-01,163.08,4.37,236.028,6.7,67360,970,17953.974,2014,3,1
2014-04-01,163.385,4.4,236.468,6.2,67360,1043,18185.911,2014,4,1
2014-05-01,163.651,4.29,236.918,6.3,67360,1007,18185.911,2014,5,1
2014-06-01,164.05900000000003,4.12,237.231,6.1,67360,911,18185.911,2014,6,1
2014-07-01,164.583,4.14,237.498,6.2,67360,1085,18406.941,2014,7,1
2014-08-01,165.207,4.12,237.46,6.1,67360,984,18406.941,2014,8,1
2014-09-01,165.898,4.1,237.477,5.9,67360,1023,18406.941,2014,9,1
2014-10-01,166.634,4.2,237.43,5.7,67360,1074,18500.031,2014,10,1
2014-11-01,167.328,3.98,236.983,5.8,67360,1001,18500.031,2014,11,1
2014-12-01,168.044,3.97,236.252,5.6,67360,1073,18500.031,2014,12,1
2015-01-01,168.62099999999998,3.87,234.747,5.7,71000,1085,18666.621,2015,1,1
2015-02-01,169.11900000000003,3.66,235.342,5.5,71000,886,18666.621,2015,2,1
2015-03-01,169.78900000000002,3.8,235.976,5.4,71000,960,18666.621,2015,3,1
2015-04-01,170.28900000000002,3.69,236.222,5.4,71000,1190,18782.243,2015,4,1
2015-05-01,170.87099999999998,3.68,237.001,5.6,71000,1079,18782.243,2015,5,1
2015-06-01,171.47,3.87,237.657,5.3,71000,1205,18782.243,2015,6,1
2015-07-01,172.145,4.02,238.034,5.2,71000,1146,18857.418,2015,7,1
2015-08-01,172.923,3.98,238.033,5.1,71000,1130,18857.418,2015,8,1
2015-09-01,173.815,3.84,237.498,5.0,71000,1224,18857.418,2015,9,1
2015-10-01,174.778,3.85,237.733,5.0,71000,1058,18892.206,2015,10,1
2015-11-01,175.72299999999998,3.76,238.017,5.1,71000,1172,18892.206,2015,11,1
2015-12-01,176.52700000000002,3.95,237.761,5.0,71000,1146,18892.206,2015,12,1
2016-01-01,177.25099999999998,4.01,237.652,4.8,73520,1092,19001.69,2016,1,1
2016-02-01,177.635,3.79,237.336,4.9,73520,1225,19001.69,2016,2,1
2016-03-01,178.153,3.62,238.08,5.0,73520,1111,19001.69,2016,3,1
2016-04-01,178.75400000000002,3.71,238.992,5.1,73520,1163,19062.709,2016,4,1
2016-05-01,179.412,3.66,239.557,4.8,73520,1148,19062.709,2016,5,1
2016-06-01,180.076,3.64,240.222,4.9,73520,1203,19062.709,2016,6,1
2016-07-01,180.842,3.48,240.101,4.8,73520,1239,19197.938,2016,7,1
2016-08-01,181.828,3.48,240.545,4.9,73520,1171,19197.938,2016,8,1
2016-09-01,182.804,3.46,241.176,5.0,73520,1068,19197.938,2016,9,1
2016-10-01,183.733,3.42,241.741,4.9,73520,1313,19304.352,2016,10,1
2016-11-01,184.742,3.47,242.026,4.7,73520,1140,19304.352,2016,11,1
2016-12-01,185.707,4.08,242.637,4.7,73520,1252,19304.352,2016,12,1
2017-01-01,186.785,4.32,243.618,4.7,74810,1190,19398.343,2017,1,1
2017-02-01,187.308,4.19,244.006,4.6,74810,1271,19398.343,2017,2,1
2017-03-01,187.985,4.16,243.892,4.4,74810,1190,19398.343,2017,3,1
2017-04-01,188.712,4.14,244.193,4.4,74810,1146,19506.949,2017,4,1
2017-05-01,189.597,4.03,244.004,4.4,74810,1157,19506.949,2017,5,1
2017-06-01,190.484,3.94,244.163,4.3,74810,1249,19506.949,2017,6,1
2017-07-01,191.439,3.88,244.243,4.3,74810,1206,19660.766,2017,7,1
2017-08-01,192.632,3.92,245.183,4.4,74810,1159,19660.766,2017,8,1
2017-09-01,193.73,3.82,246.435,4.3,74810,1181,19660.766,2017,9,1
2017-10-01,194.779,3.83,246.626,4.2,74810,1257,19882.352,2017,10,1
2017-11-01,195.933,3.94,247.284,4.2,74810,1273,19882.352,2017,11,1
2017-12-01,197.157,3.9,247.805,4.1,74810,1177,19882.352,2017,12,1
2018-01-01,198.297,3.99,248.859,4.0,75790,1299,20044.077,2018,1,1
2018-02-01,199.23,4.22,249.529,4.1,75790,1277,20044.077,2018,2,1
2018-03-01,199.967,4.43,249.577,4.0,75790,1318,20044.077,2018,3,1
2018-04-01,200.653,4.44,250.227,4.0,75790,1276,20150.476,2018,4,1
2018-05-01,201.411,4.58,250.792,3.8,75790,1357,20150.476,2018,5,1
2018-06-01,202.189,4.56,251.018,4.0,75790,1192,20150.476,2018,6,1
2018-07-01,202.874,4.55,251.214,3.8,75790,1208,20276.154,2018,7,1
2018-08-01,203.65,4.54,251.663,3.8,75790,1288,20276.154,2018,8,1
2018-09-01,204.31,4.52,252.182,3.7,75790,1250,20276.154,2018,9,1
2018-10-01,205.076,4.72,252.772,3.8,75790,1221,20304.874,2018,10,1
2018-11-01,205.651,4.83,252.594,3.8,75790,1181,20304.874,2018,11,1
2018-12-01,206.145,4.81,252.767,3.9,75790,1095,20304.874,2018,12,1
2019-01-01,206.535,4.55,252.561,4.0,81210,1226,20431.641,2019,1,1
2019-02-01,206.861,4.46,253.319,3.8,81210,1121,20431.641,2019,2,1
2019-03-01,207.081,4.35,254.277,3.8,81210,1191,20431.641,2019,3,1
2019-04-01,207.534,4.06,255.233,3.7,81210,1272,20602.275,2019,4,1
2019-05-01,208.131,4.2,255.296,3.6,81210,1293,20602.275,2019,5,1
2019-06-01,208.569,3.99,255.213,3.6,81210,1243,20602.275,2019,6,1
2019-07-01,209.175,3.73,255.802,3.7,81210,1240,20843.322,2019,7,1
2019-08-01,210.029,3.75,256.036,3.6,81210,1375,20843.322,2019,8,1
2019-09-01,210.83,3.58,256.43,3.5,81210,1311,20843.322,2019,9,1
2019-10-01,211.728,3.64,257.155,3.6,81210,1325,20985.448,2019,10,1
2019-11-01,212.773,3.78,257.879,3.6,81210,1353,20985.448,2019,11,1
2019-12-01,213.949,3.68,258.63,3.6,81210,1548,20985.448,2019,12,1
2020-01-01,215.048,3.74,259.127,3.6,79560,1578,20693.238,2020,1,1
2020-02-01,215.913,3.51,259.25,3.5,79560,1537,20693.238,2020,2,1
2020-03-01,216.46,3.45,258.076,4.4,79560,1252,20693.238,2020,3,1
2020-04-01,216.85,3.5,256.032,14.8,79560,931,19056.617,2020,4,1
2020-05-01,216.942,3.23,255.802,13.2,79560,1053,19056.617,2020,5,1
2020-06-01,217.467,3.15,257.042,11.0,79560,1254,19056.617,2020,6,1
2020-07-01,219.168,3.13,258.352,10.2,79560,1523,20548.793,2020,7,1
2020-08-01,222.271,2.99,259.316,8.4,79560,1401,20548.793,2020,8,1
2020-09-01,225.716,2.91,259.997,7.8,79560,1463,20548.793,2020,9,1
2020-10-01,229.664,2.88,260.319,6.9,79560,1543,20771.691,2020,10,1
2020-11-01,233.25,2.81,260.911,6.7,79560,1553,20771.691,2020,11,1
2020-12-01,236.575,2.72,262.045,6.7,79560,1635,20771.691,2020,12,1
2021-01-01,239.748,2.67,262.639,6.4,79260,1639,21058.379,2021,1,1
2021-02-01,242.479,2.73,263.573,6.2,79260,1407,21058.379,2021,2,1
2021-03-01,245.547,2.97,264.847,6.1,79260,1668,21058.379,2021,3,1
2021-04-01,249.079,3.18,266.625,6.1,79260,1492,21389.005,2021,4,1
2021-05-01,253.256,2.98,268.404,5.8,79260,1607,21389.005,2021,5,1
2021-06-01,258.021,2.95,270.71,5.9,79260,1638,21389.005,2021,6,1
2021-07-01,262.38,2.98,271.965,5.4,79260,1600,21571.421,2021,7,1
2021-08-01,266.582,2.8,272.752,5.1,79260,1595,21571.421,2021,8,1
2021-09-01,270.156,2.87,273.942,4.7,79260,1563,21571.421,2021,9,1
2021-10-01,273.616,3.01,276.528,4.5,79260,1587,21960.388,2021,10,1
2021-11-01,277.376,3.14,278.824,4.2,79260,1704,21960.388,2021,11,1
2021-12-01,281.593,3.1,280.806,3.9,79260,1757,21960.388,2021,12,1
2022-01-01,286.35,3.11,282.542,4.0,77540,1712,21903.85,2022,1,1
2022-02-01,291.35200000000003,3.55,284.525,3.8,77540,1742,21903.85,2022,2,1
2022-03-01,296.502,3.89,287.467,3.7,77540,1678,21903.85,2022,3,1
2022-04-01,300.42400000000004,4.67,288.582,3.7,77540,1828,21919.222,2022,4,1
2022-05-01,303.314,5.1,291.299,3.6,77540,1540,21919.222,2022,5,1
2022-06-01,304.036,5.1,295.072,3.6,77540,1542,21919.222,2022,6,1
2022-07-01,303.111,5.7,294.94,3.5,77540,1392,22066.784,2022,7,1
2022-08-01,300.998,5.3,295.162,3.6,77540,1520,22066.784,2022,8,1
2022-09-01,299.023,5.66,296.421,3.5,77540,1470,22066.784,2022,9,1
2022-10-01,298.778,6.7,297.979,3.6,77540,1440,22249.459,2022,10,1
2022-11-01,298.575,7.08,298.708,3.6,77540,1420,22249.459,2022,11,1
2022-12-01,297.842,6.49,298.808,3.5,77540,1340,22249.459,2022,12,1
2023-01-01,297.768,6.42,300.456,3.5,80610,1361,22403.435,2023,1,1
